ID,FLIGHT_NUMBER,OPERATING_AIRLINES,DEPARTURE_CITY,ARRIVAL_CITY,DATE_OF_DEPARTURE,ESTIMATED_DEPARTURE_TIME
1,AA1,American Airlines,AUS,NYC,2018-09-05,2018-09-05 03:14:07
2,AA2,American Airlines,AUS,NYC,2018-09-05,2018-09-05 05:14:07
3,AA3,American Airlines,AUS,NYC,2018-09-05,2018-09-05 06:14:07
4,SW1,South West,AUS,NYC,2018-09-05,2018-09-05 07:14:07
5,UA1,United Airlines,NYC,DAL,2018-09-05,2018-09-05 10:14:07
6,UA1,United Airlines,NYC,DAL,2018-09-05,2018-09-05 10:14:07
7,SW1,South West,AUS,NYC,2018-09-06,2018-09-06 07:14:07
8,SW2,South West,AUS,NYC,2018-09-06,2018-09-06 09:14:07
9,SW3,South West,NYC,DAL,2018-09-06,2018-09-06 10:14:07
10,UA1,United Airlines,NYC,DAL,2018-09-06,2018-09-06 10:14:07
